live_selfie,live_video,attack
live_selfie/0.jpg,live_video/0.mp4,attack/0.mp4
live_selfie/1.jpg,live_video/1.mp4,attack/1.mp4
live_selfie/2.jpg,live_video/2.mp4,attack/2.mp4
live_selfie/3.jpg,live_video/3.mp4,attack/3.mp4
live_selfie/4.jpg,live_video/4.mp4,attack/4.mp4
live_selfie/5.jpg,live_video/5.mp4,attack/5.mp4
live_selfie/6.jpg,live_video/6.mp4,attack/6.mp4
live_selfie/7.jpg,live_video/7.MOV,attack/7.mp4
live_selfie/8.jpg,live_video/8.mp4,attack/8.mp4
live_selfie/9.jpg,live_video/9.mp4,attack/9.mp4
live_selfie/10.jpg,live_video/10.mp4,attack/10.MOV
live_selfie/11.jpg,live_video/11.mp4,attack/11.mp4
live_selfie/12.jpg,live_video/12.mp4,attack/12.mp4
live_selfie/13.jpg,live_video/13.mp4,attack/13.MOV
live_selfie/14.jpg,live_video/14.mp4,attack/14.mp4
live_selfie/15.jpg,live_video/15.MOV,attack/15.mp4
live_selfie/16.jpg,live_video/16.mp4,attack/16.mp4
live_selfie/17.jpg,live_video/17.MOV,attack/17.mp4
live_selfie/18.jpg,live_video/18.mp4,attack/18.mp4
live_selfie/19.jpg,live_video/19.mp4,attack/19.MOV
live_selfie/20.jpg,live_video/20.mp4,attack/20.mp4
live_selfie/21.jpg,live_video/21.MOV,attack/21.mp4
live_selfie/22.jpg,live_video/22.mp4,attack/22.mp4
live_selfie/23.jpg,live_video/23.mp4,attack/23.MOV
live_selfie/24.jpg,live_video/24.mp4,attack/24.mp4
live_selfie/25.jpg,live_video/25.mp4,attack/25.mp4
